{
  "tick": 9703,
  "x": -7.308375602164227,
  "y": -0.5843129350212595,
  "z": 31.497067387636967,
  "tension": 11.766830061406807,
  "energy": 97.96265443068042,
  "phase": "idle",
  "alive": true,
  "deaths": 0,
  "chaosVal": 0.44752386543763983,
  "thoughtsIncubating": 0,
  "thoughtsCrystallized": 14,
  "mutations": {
    "gravityMod": 0,
    "frictionMod": 0,
    "lorenzRhoMod": 0,
    "tensionBias": -14,
    "totalCrystallized": 14
  },
  "llmTemperature": 0.5855615489513049,
  "llmMaxTokens": 652,
  "llmValence": -0.019477097834041984,
  "lastCrystallization": null,
  "cortisol": 0,
  "anchoryBoost": 0,
  "timestamp": "2026-04-22T13:33:04.218Z"
}